Episode,Reward,Collision,TotalDelay,Loss
0,9.95,0,177.00,38.5296
1,9.95,0,177.00,38.5109
2,9.95,0,177.00,38.4923
3,9.95,0,177.00,38.4737
4,9.95,0,177.00,38.4551
5,9.95,0,177.00,38.4366
6,9.95,0,177.00,38.4182
7,9.95,0,177.00,38.3997
8,9.95,0,177.00,38.3813
9,9.95,0,177.00,38.3629
10,9.95,0,177.00,38.3445
11,9.95,0,177.00,38.3262
12,9.95,0,177.00,38.3081
13,9.95,0,177.00,38.2900
14,9.95,0,177.00,38.2718
15,9.95,0,177.00,38.2537
16,9.95,0,177.00,38.2355
17,9.95,0,177.00,38.2173
18,9.95,0,177.00,38.1991
19,9.95,0,177.00,38.1817
20,9.95,0,177.00,38.1644
21,9.95,0,177.00,38.1466
22,9.95,0,177.00,38.1287
23,9.95,0,177.00,38.1108
24,9.95,0,177.00,38.0928
25,9.95,0,177.00,38.0747
26,9.95,0,177.00,38.0572
27,9.95,0,177.00,38.0396
28,9.95,0,177.00,38.0220
29,9.95,0,177.00,38.0042
30,9.95,0,177.00,37.9863
31,9.95,0,177.00,37.9683
32,9.95,0,177.00,37.9499
33,9.95,0,177.00,37.9311
34,9.95,0,177.00,37.9120
35,9.95,0,177.00,37.8928
36,9.95,0,177.00,37.8735
37,9.95,0,177.00,37.8543
38,9.95,0,177.00,37.8349
39,9.95,0,177.00,37.8152
40,9.95,0,177.00,37.7953
41,9.95,0,177.00,37.7753
42,9.95,0,177.00,37.7553
43,9.95,0,177.00,37.7352
44,9.95,0,177.00,37.7150
45,9.95,0,177.00,37.6947
46,9.95,0,177.00,37.6743
47,9.95,0,177.00,37.6539
48,9.95,0,177.00,37.6333
49,9.95,0,177.00,37.6125
50,9.95,0,177.00,37.5916
51,9.95,0,177.00,37.5706
52,9.95,0,177.00,37.5495
53,9.95,0,177.00,37.5288
54,9.95,0,177.00,37.5085
55,9.95,0,177.00,37.4888
56,9.95,0,177.00,37.4689
57,9.95,0,177.00,37.4488
58,9.95,0,177.00,37.4286
59,9.95,0,177.00,37.4082
60,9.95,0,177.00,37.3877
61,9.95,0,177.00,37.3670
62,9.95,0,177.00,37.3461
63,9.95,0,177.00,37.3251
64,9.95,0,177.00,37.3039
65,9.95,0,177.00,37.2825
66,9.95,0,177.00,37.2609
67,9.95,0,177.00,37.2392
68,9.95,0,177.00,37.2173
69,9.95,0,177.00,37.1952
70,9.95,0,177.00,37.1730
71,9.95,0,177.00,37.1505
72,9.95,0,177.00,37.1280
73,9.95,0,177.00,37.1052
74,9.95,0,177.00,37.0823
75,9.95,0,177.00,37.0593
76,9.95,0,177.00,37.0360
77,9.95,0,177.00,37.0125
78,9.95,0,177.00,36.9889
79,9.95,0,177.00,36.9650
80,9.95,0,177.00,36.9410
81,9.95,0,177.00,36.9167
82,9.95,0,177.00,36.8923
83,9.95,0,177.00,36.8678
84,9.95,0,177.00,36.8431
85,9.95,0,177.00,36.8181
86,9.95,0,177.00,36.7930
87,9.95,0,177.00,36.7675
88,9.95,0,177.00,36.7413
89,9.95,0,177.00,36.7147
90,9.95,0,177.00,36.6877
91,9.95,0,177.00,36.6604
92,9.95,0,177.00,36.6327
93,9.95,0,177.00,36.6046
94,9.95,0,177.00,36.5753
95,9.95,0,177.00,36.5454
96,9.95,0,177.00,36.5150
97,9.95,0,177.00,36.4845
98,9.95,0,177.00,36.4533
99,9.95,0,177.00,36.4216
100,9.95,0,177.00,36.3894
101,9.95,0,177.00,36.3570
102,9.95,0,177.00,36.3241
103,9.95,0,177.00,36.2909
104,9.95,0,177.00,36.2574
105,9.95,0,177.00,36.2241
106,9.95,0,177.00,36.1905
107,9.95,0,177.00,36.1566
108,9.95,0,177.00,36.1223
109,9.95,0,177.00,36.0876
110,9.95,0,177.00,36.0527
111,9.95,0,177.00,36.0174
112,9.95,0,177.00,35.9818
113,9.95,0,177.00,35.9460
114,9.95,0,177.00,35.9098
115,9.95,0,177.00,35.8735
116,9.95,0,177.00,35.8369
117,9.95,0,177.00,35.7999
118,9.95,0,177.00,35.7626
119,9.95,0,177.00,35.7250
120,9.95,0,177.00,35.6869
121,9.95,0,177.00,35.6486
122,9.95,0,177.00,35.6098
123,9.95,0,177.00,35.5707
124,9.95,0,177.00,35.5312
125,9.95,0,177.00,35.4906
126,9.95,0,177.00,35.4495
127,9.95,0,177.00,35.4079
128,9.95,0,177.00,35.3659
129,9.95,0,177.00,35.3236
130,9.95,0,177.00,35.2808
131,9.95,0,177.00,35.2374
132,9.95,0,177.00,35.1937
133,9.95,0,177.00,35.1496
134,9.95,0,177.00,35.1051
135,9.95,0,177.00,35.0603
136,9.95,0,177.00,35.0151
137,9.95,0,177.00,34.9694
138,9.95,0,177.00,34.9234
139,9.95,0,177.00,34.8769
140,9.95,0,177.00,34.8299
141,9.95,0,177.00,34.7824
142,9.95,0,177.00,34.7343
143,9.95,0,177.00,34.6847
144,9.95,0,177.00,34.6317
145,9.95,0,177.00,34.5651
146,9.95,0,177.00,34.4655
147,9.95,0,177.00,34.3440
148,9.95,0,177.00,34.2446
149,9.95,0,177.00,34.1757
150,9.95,0,177.00,34.1133
151,9.95,0,177.00,34.0508
152,9.95,0,177.00,33.9875
153,9.95,0,177.00,33.9231
154,9.95,0,177.00,33.8575
155,9.95,0,177.00,33.7909
156,9.95,0,177.00,33.7232
157,9.95,0,177.00,33.6547
158,9.95,0,177.00,33.5871
159,9.95,0,177.00,33.5199
160,9.95,0,177.00,33.4515
161,9.95,0,177.00,33.3827
162,9.95,0,177.00,33.3143
163,9.95,0,177.00,33.2452
164,9.95,0,177.00,33.1753
165,9.95,0,177.00,33.1046
166,9.95,0,177.00,33.0333
167,9.95,0,177.00,32.9613
168,9.95,0,177.00,32.8885
169,9.95,0,177.00,32.8157
170,9.95,0,177.00,32.7428
171,9.95,0,177.00,32.6692
172,9.95,0,177.00,32.5948
173,9.95,0,177.00,32.5197
174,9.95,0,177.00,32.4437
175,9.95,0,177.00,32.3668
176,9.95,0,177.00,32.2891
177,9.95,0,177.00,32.2107
178,9.95,0,177.00,32.1317
179,9.95,0,177.00,32.0520
180,9.95,0,177.00,31.9716
181,9.95,0,177.00,31.8905
182,9.95,0,177.00,31.8086
183,9.95,0,177.00,31.7260
184,9.95,0,177.00,31.6424
185,9.95,0,177.00,31.5579
186,9.95,0,177.00,31.4727
187,9.95,0,177.00,31.3864
188,9.95,0,177.00,31.2993
189,9.95,0,177.00,31.2114
190,9.95,0,177.00,31.1227
191,9.95,0,177.00,31.0328
192,9.95,0,177.00,30.9425
193,9.95,0,177.00,30.8517
194,9.95,0,177.00,30.7600
195,9.95,0,177.00,30.6674
196,9.95,0,177.00,30.5739
197,9.95,0,177.00,30.4801
198,9.95,0,177.00,30.3849
199,9.95,0,177.00,30.2891
200,9.95,0,177.00,30.1925
201,9.95,0,177.00,30.0949
202,9.95,0,177.00,29.9966
203,9.95,0,177.00,29.8975
204,9.95,0,177.00,29.7976
205,9.95,0,177.00,29.6969
206,9.95,0,177.00,29.5955
207,9.95,0,177.00,29.4931
208,9.95,0,177.00,29.3899
209,9.95,0,177.00,29.2859
210,9.95,0,177.00,29.1809
211,9.95,0,177.00,29.0751
212,9.95,0,177.00,28.9687
213,9.95,0,177.00,28.8615
214,9.95,0,177.00,28.7535
215,9.95,0,177.00,28.6448
216,9.95,0,177.00,28.5352
217,9.95,0,177.00,28.4249
218,9.95,0,177.00,28.3139
219,9.95,0,177.00,28.2020
220,9.95,0,177.00,28.0895
221,9.95,0,177.00,27.9762
222,9.95,0,177.00,27.8624
223,9.95,0,177.00,27.7476
224,9.95,0,177.00,27.6321
225,9.95,0,177.00,27.5159
226,9.95,0,177.00,27.3988
227,9.95,0,177.00,27.2810
228,9.95,0,177.00,27.1626
229,9.95,0,177.00,27.0433
230,9.95,0,177.00,26.9231
231,9.95,0,177.00,26.8021
232,9.95,0,177.00,26.6803
233,9.95,0,177.00,26.5575
234,9.95,0,177.00,26.4339
235,9.95,0,177.00,26.3094
236,9.95,0,177.00,26.1839
237,9.95,0,177.00,26.0576
238,9.95,0,177.00,25.9306
239,9.95,0,177.00,25.8027
240,9.95,0,177.00,25.6741
241,9.95,0,177.00,25.5447
242,9.95,0,177.00,25.4146
243,9.95,0,177.00,25.2839
244,9.95,0,177.00,25.1524
245,9.95,0,177.00,25.0207
246,9.95,0,177.00,24.8884
247,9.95,0,177.00,24.7554
248,9.95,0,177.00,24.6215
249,9.95,0,177.00,24.4865
250,9.95,0,177.00,24.3508
251,9.95,0,177.00,24.2144
252,9.95,0,177.00,24.0772
253,9.95,0,177.00,23.9394
254,9.95,0,177.00,23.8009
255,9.95,0,177.00,23.6618
256,9.95,0,177.00,23.5218
257,9.95,0,177.00,23.3809
258,9.95,0,177.00,23.2393
259,9.95,0,177.00,23.0971
260,9.95,0,177.00,22.9542
261,9.95,0,177.00,22.8105
262,9.95,0,177.00,22.6662
263,9.95,0,177.00,22.5213
264,9.95,0,177.00,22.3757
265,9.95,0,177.00,22.2295
266,9.95,0,177.00,22.0830
267,9.95,0,177.00,21.9355
268,9.95,0,177.00,21.7875
269,9.95,0,177.00,21.6388
270,9.95,0,177.00,21.4895
271,9.95,0,177.00,21.3397
272,9.95,0,177.00,21.1893
273,9.95,0,177.00,21.0385
274,9.95,0,177.00,20.8869
275,9.95,0,177.00,20.7350
276,9.95,0,177.00,20.5825
277,9.95,0,177.00,20.4296
278,9.95,0,177.00,20.2762
279,9.95,0,177.00,20.1224
280,9.95,0,177.00,19.9681
281,9.95,0,177.00,19.8132
282,9.95,0,177.00,19.6578
283,9.95,0,177.00,19.5021
284,9.95,0,177.00,19.3459
285,9.95,0,177.00,19.1894
286,9.95,0,177.00,19.0324
287,9.95,0,177.00,18.8750
288,9.95,0,177.00,18.7173
289,9.95,0,177.00,18.5593
290,9.95,0,177.00,18.4009
291,9.95,0,177.00,18.2421
292,9.95,0,177.00,18.0831
293,9.95,0,177.00,17.9236
294,9.95,0,177.00,17.7639
295,9.95,0,177.00,17.6038
296,9.95,0,177.00,17.4435
297,9.95,0,177.00,17.2831
298,9.95,0,177.00,17.1223
299,9.95,0,177.00,16.9611
300,9.95,0,177.00,16.7998
301,9.95,0,177.00,16.6382
302,9.95,0,177.00,16.4766
303,9.95,0,177.00,16.3146
304,9.95,0,177.00,16.1521
305,9.95,0,177.00,15.9894
306,9.95,0,177.00,15.8265
307,9.95,0,177.00,15.6635
308,9.95,0,177.00,15.5003
309,9.95,0,177.00,15.3371
310,9.95,0,177.00,15.1737
311,9.95,0,177.00,15.0105
312,9.95,0,177.00,14.8473
313,9.95,0,177.00,14.6841
314,9.95,0,177.00,14.5210
315,9.95,0,177.00,14.3579
316,9.95,0,177.00,14.1947
317,9.95,0,177.00,14.0317
318,9.95,0,177.00,13.8689
319,9.95,0,177.00,13.7061
320,9.95,0,177.00,13.5434
321,9.95,0,177.00,13.3809
322,9.95,0,177.00,13.2184
323,9.95,0,177.00,13.0561
324,9.95,0,177.00,12.8940
325,9.95,0,177.00,12.7322
326,9.95,0,177.00,12.5707
327,9.95,0,177.00,12.4094
328,9.95,0,177.00,12.2484
329,9.95,0,177.00,12.0877
330,9.95,0,177.00,11.9273
331,9.95,0,177.00,11.7674
332,9.95,0,177.00,11.6079
333,9.95,0,177.00,11.4484
334,9.95,0,177.00,11.2894
335,9.95,0,177.00,11.1308
336,9.95,0,177.00,10.9728
337,9.95,0,177.00,10.8153
338,9.95,0,177.00,10.6585
339,9.95,0,177.00,10.5022
340,9.95,0,177.00,10.3466
341,9.95,0,177.00,10.1916
342,9.95,0,177.00,10.0374
343,9.95,0,177.00,9.8838
344,9.95,0,177.00,9.7309
345,9.95,0,177.00,9.5789
346,9.95,0,177.00,9.4276
347,9.95,0,177.00,9.2770
348,9.95,0,177.00,9.1272
349,9.95,0,177.00,8.9782
350,9.95,0,177.00,8.8301
351,9.95,0,177.00,8.6828
352,9.95,0,177.00,8.5364
353,9.95,0,177.00,8.3909
354,9.95,0,177.00,8.2463
355,9.95,0,177.00,8.1024
356,9.95,0,177.00,7.9578
357,9.95,0,177.00,7.8137
358,9.95,0,177.00,7.6703
359,9.95,0,177.00,7.5277
360,9.95,0,177.00,7.3860
361,9.95,0,177.00,7.2453
362,9.95,0,177.00,7.1057
363,9.95,0,177.00,6.9667
364,9.95,0,177.00,6.8289
365,9.95,0,177.00,6.6923
366,9.95,0,177.00,6.5567
367,9.95,0,177.00,6.4224
368,9.95,0,177.00,6.2894
369,9.95,0,177.00,6.1576
370,9.95,0,177.00,6.0272
371,9.95,0,177.00,5.8981
372,9.95,0,177.00,5.7704
373,9.95,0,177.00,5.6441
374,9.95,0,177.00,5.5192
375,9.95,0,177.00,5.3957
376,9.95,0,177.00,5.2737
377,9.95,0,177.00,5.1530
378,9.95,0,177.00,5.0337
379,9.95,0,177.00,4.9159
380,9.95,0,177.00,4.7996
381,9.95,0,177.00,4.6847
382,9.95,0,177.00,4.5715
383,9.95,0,177.00,4.4598
384,9.95,0,177.00,4.3496
385,9.95,0,177.00,4.2411
386,9.95,0,177.00,4.1342
387,9.95,0,177.00,4.0289
388,9.95,0,177.00,3.9252
389,9.95,0,177.00,3.8231
390,9.95,0,177.00,3.7226
391,9.95,0,177.00,3.6238
392,9.95,0,177.00,3.5267
393,9.95,0,177.00,3.4311
394,9.95,0,177.00,3.3373
395,9.95,0,177.00,3.2450
396,9.95,0,177.00,3.1544
397,9.95,0,177.00,3.0654
398,9.95,0,177.00,2.9782
399,9.95,0,177.00,2.8925
400,9.95,0,177.00,2.8085
401,9.95,0,177.00,2.7260
402,9.95,0,177.00,2.6451
403,9.95,0,177.00,2.5659
404,9.95,0,177.00,2.4883
405,9.95,0,177.00,2.4123
406,9.95,0,177.00,2.3379
407,9.95,0,177.00,2.2651
408,9.95,0,177.00,2.1938
409,9.95,0,177.00,2.1242
410,9.95,0,177.00,2.0561
411,9.95,0,177.00,1.9895
412,9.95,0,177.00,1.9245
413,9.95,0,177.00,1.8611
414,9.95,0,177.00,1.7991
415,9.95,0,177.00,1.7387
416,9.95,0,177.00,1.6797
417,9.95,0,177.00,1.6222
418,9.95,0,177.00,1.5662
419,9.95,0,177.00,1.5117
420,9.95,0,177.00,1.4585
421,9.95,0,177.00,1.4067
422,9.95,0,177.00,1.3563
423,9.95,0,177.00,1.3074
424,9.95,0,177.00,1.2597
425,9.95,0,177.00,1.2134
426,9.95,0,177.00,1.1684
427,9.95,0,177.00,1.1247
428,9.95,0,177.00,1.0823
429,9.95,0,177.00,1.0411
430,9.95,0,177.00,1.0012
431,9.95,0,177.00,0.9625
432,9.95,0,177.00,0.9249
433,9.95,0,177.00,0.8885
434,9.95,0,177.00,0.8533
435,9.95,0,177.00,0.8191
436,9.95,0,177.00,0.7860
437,9.95,0,177.00,0.7540
438,9.95,0,177.00,0.7231
439,9.95,0,177.00,0.6932
440,9.95,0,177.00,0.6643
441,9.95,0,177.00,0.6364
442,9.95,0,177.00,0.6095
443,9.95,0,177.00,0.5835
444,9.95,0,177.00,0.5585
445,9.95,0,177.00,0.5343
446,9.95,0,177.00,0.5111
447,9.95,0,177.00,0.4887
448,9.95,0,177.00,0.4671
449,9.95,0,177.00,0.4464
450,9.95,0,177.00,0.4264
451,9.95,0,177.00,0.4072
452,9.95,0,177.00,0.3888
453,9.95,0,177.00,0.3711
454,9.95,0,177.00,0.3540
455,9.95,0,177.00,0.3377
456,9.95,0,177.00,0.3221
457,9.95,0,177.00,0.3071
458,9.95,0,177.00,0.2927
459,9.95,0,177.00,0.2789
460,9.95,0,177.00,0.2657
461,9.95,0,177.00,0.2530
462,9.95,0,177.00,0.2409
463,9.95,0,177.00,0.2293
464,9.95,0,177.00,0.2183
465,9.95,0,177.00,0.2077
466,9.95,0,177.00,0.1976
467,9.95,0,177.00,0.1880
468,9.95,0,177.00,0.1788
469,9.95,0,177.00,0.1700
470,9.95,0,177.00,0.1616
471,9.95,0,177.00,0.1537
472,9.95,0,177.00,0.1461
473,9.95,0,177.00,0.1389
474,9.95,0,177.00,0.1320
475,9.95,0,177.00,0.1254
476,9.95,0,177.00,0.1192
477,9.95,0,177.00,0.1133
478,9.95,0,177.00,0.1077
479,9.95,0,177.00,0.1023
480,9.95,0,177.00,0.0972
481,9.95,0,177.00,0.0924
482,9.95,0,177.00,0.0879
483,9.95,0,177.00,0.0835
484,9.95,0,177.00,0.0794
485,9.95,0,177.00,0.0756
486,9.95,0,177.00,0.0719
487,9.95,0,177.00,0.0684
488,9.95,0,177.00,0.0651
489,9.95,0,177.00,0.0620
490,9.95,0,177.00,0.0590
491,9.95,0,177.00,0.0563
492,9.95,0,177.00,0.0536
493,9.95,0,177.00,0.0512
494,9.95,0,177.00,0.0488
495,9.95,0,177.00,0.0466
496,9.95,0,177.00,0.0445
497,9.95,0,177.00,0.0426
498,9.95,0,177.00,0.0407
499,9.95,0,177.00,0.0389
500,9.95,0,177.00,0.0373
501,9.95,0,177.00,0.0357
502,9.95,0,177.00,0.0343
503,9.95,0,177.00,0.0329
504,9.95,0,177.00,0.0316
505,9.95,0,177.00,0.0304
506,9.95,0,177.00,0.0292
507,9.95,0,177.00,0.0281
508,9.95,0,177.00,0.0271
509,9.95,0,177.00,0.0262
510,9.95,0,177.00,0.0253
511,9.95,0,177.00,0.0245
512,9.95,0,177.00,0.0237
513,9.95,0,177.00,0.0229
514,9.95,0,177.00,0.0222
515,9.95,0,177.00,0.0216
516,9.95,0,177.00,0.0210
517,9.95,0,177.00,0.0204
518,9.95,0,177.00,0.0199
519,9.95,0,177.00,0.0194
520,9.95,0,177.00,0.0189
521,9.95,0,177.00,0.0185
522,9.95,0,177.00,0.0181
523,9.95,0,177.00,0.0177
524,9.95,0,177.00,0.0174
525,9.95,0,177.00,0.0170
526,9.95,0,177.00,0.0167
527,9.95,0,177.00,0.0164
528,9.95,0,177.00,0.0161
529,9.95,0,177.00,0.0159
530,9.95,0,177.00,0.0156
531,9.95,0,177.00,0.0154
532,9.95,0,177.00,0.0152
533,9.95,0,177.00,0.0150
534,9.95,0,177.00,0.0148
535,9.95,0,177.00,0.0147
536,9.95,0,177.00,0.0145
537,9.95,0,177.00,0.0144
538,9.95,0,177.00,0.0142
539,9.95,0,177.00,0.0141
540,9.95,0,177.00,0.0140
541,9.95,0,177.00,0.0139
542,9.95,0,177.00,0.0138
543,9.95,0,177.00,0.0137
544,9.95,0,177.00,0.0136
545,9.95,0,177.00,0.0135
546,9.95,0,177.00,0.0134
547,9.95,0,177.00,0.0133
548,9.95,0,177.00,0.0133
549,9.95,0,177.00,0.0132
550,9.95,0,177.00,0.0131
551,9.95,0,177.00,0.0131
552,9.95,0,177.00,0.0130
553,9.95,0,177.00,0.0130
554,9.95,0,177.00,0.0129
555,9.95,0,177.00,0.0129
556,9.95,0,177.00,0.0128
557,9.95,0,177.00,0.0128
558,9.95,0,177.00,0.0128
559,9.95,0,177.00,0.0127
560,9.95,0,177.00,0.0127
561,9.95,0,177.00,0.0127
562,9.95,0,177.00,0.0127
563,9.95,0,177.00,0.0126
564,9.95,0,177.00,0.0126
565,9.95,0,177.00,0.0126
566,9.95,0,177.00,0.0126
567,9.95,0,177.00,0.0126
568,9.95,0,177.00,0.0125
569,9.95,0,177.00,0.0125
570,9.95,0,177.00,0.0125
571,9.95,0,177.00,0.0125
572,9.95,0,177.00,0.0125
573,9.95,0,177.00,0.0125
574,9.95,0,177.00,0.0125
575,9.95,0,177.00,0.0125
576,9.95,0,177.00,0.0124
577,9.95,0,177.00,0.0124
578,9.95,0,177.00,0.0124
579,9.95,0,177.00,0.0124
580,9.95,0,177.00,0.0124
581,9.95,0,177.00,0.0124
582,9.95,0,177.00,0.0124
583,9.95,0,177.00,0.0124
584,9.95,0,177.00,0.0124
585,9.95,0,177.00,0.0124
586,9.95,0,177.00,0.0124
587,9.95,0,177.00,0.0124
588,9.95,0,177.00,0.0124
589,9.95,0,177.00,0.0124
590,9.95,0,177.00,0.0124
591,9.95,0,177.00,0.0123
592,9.95,0,177.00,0.0123
593,9.95,0,177.00,0.0123
594,9.95,0,177.00,0.0123
595,9.95,0,177.00,0.0123
596,9.95,0,177.00,0.0123
597,9.95,0,177.00,0.0123
598,9.95,0,177.00,0.0123
599,9.95,0,177.00,0.0123
600,9.95,0,177.00,0.0123
601,9.95,0,177.00,0.0123
602,9.95,0,177.00,0.0123
603,9.95,0,177.00,0.0123
604,9.95,0,177.00,0.0123
605,9.95,0,177.00,0.0123
606,9.95,0,177.00,0.0123
607,9.95,0,177.00,0.0123
608,9.95,0,177.00,0.0123
609,9.95,0,177.00,0.0123
610,9.95,0,177.00,0.0123
611,9.95,0,177.00,0.0123
612,9.95,0,177.00,0.0123
613,9.95,0,177.00,0.0123
614,9.95,0,177.00,0.0123
615,9.95,0,177.00,0.0123
616,9.95,0,177.00,0.0123
617,9.95,0,177.00,0.0123
618,9.95,0,177.00,0.0123
619,9.95,0,177.00,0.0123
620,9.95,0,177.00,0.0123
621,9.95,0,177.00,0.0123
622,9.95,0,177.00,0.0123
623,9.95,0,177.00,0.0123
624,9.95,0,177.00,0.0123
625,9.95,0,177.00,0.0123
626,9.95,0,177.00,0.0123
627,9.95,0,177.00,0.0123
628,9.95,0,177.00,0.0123
629,9.95,0,177.00,0.0123
630,9.95,0,177.00,0.0123
631,9.95,0,177.00,0.0123
632,9.95,0,177.00,0.0123
633,9.95,0,177.00,0.0123
634,9.95,0,177.00,0.0123
635,9.95,0,177.00,0.0123
636,9.95,0,177.00,0.0123
637,9.95,0,177.00,0.0123
638,9.95,0,177.00,0.0123
639,9.95,0,177.00,0.0123
640,9.95,0,177.00,0.0123
641,9.95,0,177.00,0.0123
642,9.95,0,177.00,0.0123
643,9.95,0,177.00,0.0123
644,9.95,0,177.00,0.0123
645,9.95,0,177.00,0.0123
646,9.95,0,177.00,0.0123
647,9.95,0,177.00,0.0123
648,9.95,0,177.00,0.0123
649,9.95,0,177.00,0.0123
650,9.95,0,177.00,0.0123
651,9.95,0,177.00,0.0123
652,9.95,0,177.00,0.0123
653,9.95,0,177.00,0.0123
654,9.95,0,177.00,0.0123
655,9.95,0,177.00,0.0123
656,9.95,0,177.00,0.0123
657,9.95,0,177.00,0.0123
658,9.95,0,177.00,0.0123
659,9.95,0,177.00,0.0123
660,9.95,0,177.00,0.0123
661,9.95,0,177.00,0.0123
662,9.95,0,177.00,0.0123
663,9.95,0,177.00,0.0123
664,9.95,0,177.00,0.0123
665,9.95,0,177.00,0.0123
666,9.95,0,177.00,0.0123
667,9.95,0,177.00,0.0123
668,9.95,0,177.00,0.0123
669,9.95,0,177.00,0.0123
670,9.95,0,177.00,0.0123
671,9.95,0,177.00,0.0123
672,9.95,0,177.00,0.0123
673,9.95,0,177.00,0.0123
674,9.95,0,177.00,0.0123
675,9.95,0,177.00,0.0123
676,9.95,0,177.00,0.0123
677,9.95,0,177.00,0.0123
678,9.95,0,177.00,0.0123
679,9.95,0,177.00,0.0123
680,9.95,0,177.00,0.0123
681,9.95,0,177.00,0.0123
682,9.95,0,177.00,0.0123
683,9.95,0,177.00,0.0123
684,9.95,0,177.00,0.0123
685,9.95,0,177.00,0.0123
686,9.95,0,177.00,0.0123
687,9.95,0,177.00,0.0123
688,9.95,0,177.00,0.0123
689,9.95,0,177.00,0.0123
690,9.95,0,177.00,0.0123
691,9.95,0,177.00,0.0123
692,9.95,0,177.00,0.0123
693,9.95,0,177.00,0.0123
694,9.95,0,177.00,0.0123
695,9.95,0,177.00,0.0123
696,9.95,0,177.00,0.0123
697,9.95,0,177.00,0.0123
698,9.95,0,177.00,0.0123
699,9.95,0,177.00,0.0123
700,9.95,0,177.00,0.0123
701,9.95,0,177.00,0.0123
702,9.95,0,177.00,0.0123
703,9.95,0,177.00,0.0123
704,9.95,0,177.00,0.0123
705,9.95,0,177.00,0.0123
706,9.95,0,177.00,0.0123
707,9.95,0,177.00,0.0123
708,9.95,0,177.00,0.0123
709,9.95,0,177.00,0.0123
710,9.95,0,177.00,0.0123
711,9.95,0,177.00,0.0123
712,9.95,0,177.00,0.0123
713,9.95,0,177.00,0.0123
714,9.95,0,177.00,0.0123
715,9.95,0,177.00,0.0123
716,9.95,0,177.00,0.0123
717,9.95,0,177.00,0.0123
718,9.95,0,177.00,0.0123
719,9.95,0,177.00,0.0123
720,9.95,0,177.00,0.0123
721,9.95,0,177.00,0.0123
722,9.95,0,177.00,0.0123
723,9.95,0,177.00,0.0123
724,9.95,0,177.00,0.0123
725,9.95,0,177.00,0.0123
726,9.95,0,177.00,0.0123
727,9.95,0,177.00,0.0123
728,9.95,0,177.00,0.0123
729,9.95,0,177.00,0.0123
730,9.95,0,177.00,0.0123
731,9.95,0,177.00,0.0123
732,9.95,0,177.00,0.0123
733,9.95,0,177.00,0.0123
734,9.95,0,177.00,0.0123
735,9.95,0,177.00,0.0123
736,9.95,0,177.00,0.0123
737,9.95,0,177.00,0.0123
738,9.95,0,177.00,0.0123
739,9.95,0,177.00,0.0123
740,9.95,0,177.00,0.0123
741,9.95,0,177.00,0.0123
742,9.95,0,177.00,0.0123
743,9.95,0,177.00,0.0123
744,9.95,0,177.00,0.0123
745,9.95,0,177.00,0.0123
746,9.95,0,177.00,0.0123
747,9.95,0,177.00,0.0123
748,9.95,0,177.00,0.0123
749,9.95,0,177.00,0.0123
750,9.95,0,177.00,0.0123
751,9.95,0,177.00,0.0123
752,9.95,0,177.00,0.0123
753,9.95,0,177.00,0.0123
754,9.95,0,177.00,0.0123
755,9.95,0,177.00,0.0123
756,9.95,0,177.00,0.0123
757,9.95,0,177.00,0.0123
758,9.95,0,177.00,0.0123
759,9.95,0,177.00,0.0123
760,9.95,0,177.00,0.0123
761,9.95,0,177.00,0.0123
762,9.95,0,177.00,0.0123
763,9.95,0,177.00,0.0123
764,9.95,0,177.00,0.0123
765,9.95,0,177.00,0.0123
766,9.95,0,177.00,0.0123
767,9.95,0,177.00,0.0123
768,9.95,0,177.00,0.0123
769,9.95,0,177.00,0.0123
770,9.95,0,177.00,0.0123
771,9.95,0,177.00,0.0123
772,9.95,0,177.00,0.0123
773,9.95,0,177.00,0.0123
774,9.95,0,177.00,0.0123
775,9.95,0,177.00,0.0123
776,9.95,0,177.00,0.0123
777,9.95,0,177.00,0.0123
778,9.95,0,177.00,0.0123
779,9.95,0,177.00,0.0123
780,9.95,0,177.00,0.0123
781,9.95,0,177.00,0.0123
782,9.95,0,177.00,0.0123
783,9.95,0,177.00,0.0123
784,9.95,0,177.00,0.0123
785,9.95,0,177.00,0.0123
786,9.95,0,177.00,0.0123
787,9.95,0,177.00,0.0123
788,9.95,0,177.00,0.0123
789,9.95,0,177.00,0.0123
790,9.95,0,177.00,0.0123
791,9.95,0,177.00,0.0123
792,9.95,0,177.00,0.0123
793,9.95,0,177.00,0.0123
794,9.95,0,177.00,0.0123
795,9.95,0,177.00,0.0123
796,9.95,0,177.00,0.0123
797,9.95,0,177.00,0.0123
798,9.95,0,177.00,0.0123
799,9.95,0,177.00,0.0123
800,9.95,0,177.00,0.0123
801,9.95,0,177.00,0.0123
802,9.95,0,177.00,0.0123
803,9.95,0,177.00,0.0123
804,9.95,0,177.00,0.0123
805,9.95,0,177.00,0.0123
806,9.95,0,177.00,0.0123
807,9.95,0,177.00,0.0123
808,9.95,0,177.00,0.0123
809,9.95,0,177.00,0.0123
810,9.95,0,177.00,0.0123
811,9.95,0,177.00,0.0123
812,9.95,0,177.00,0.0123
813,9.95,0,177.00,0.0123
814,9.95,0,177.00,0.0123
815,9.95,0,177.00,0.0123
816,9.95,0,177.00,0.0123
817,9.95,0,177.00,0.0123
818,9.95,0,177.00,0.0123
819,9.95,0,177.00,0.0123
820,9.95,0,177.00,0.0123
821,9.95,0,177.00,0.0123
822,9.95,0,177.00,0.0123
823,9.95,0,177.00,0.0123
824,9.95,0,177.00,0.0123
825,9.95,0,177.00,0.0123
826,9.95,0,177.00,0.0123
827,9.95,0,177.00,0.0123
828,9.95,0,177.00,0.0123
829,9.95,0,177.00,0.0123
830,9.95,0,177.00,0.0123
831,9.95,0,177.00,0.0123
832,9.95,0,177.00,0.0123
833,9.95,0,177.00,0.0123
834,9.95,0,177.00,0.0123
835,9.95,0,177.00,0.0123
836,9.95,0,177.00,0.0123
837,9.95,0,177.00,0.0123
838,9.95,0,177.00,0.0123
839,9.95,0,177.00,0.0123
840,9.95,0,177.00,0.0123
841,9.95,0,177.00,0.0123
842,9.95,0,177.00,0.0123
843,9.95,0,177.00,0.0123
844,9.95,0,177.00,0.0123
845,9.95,0,177.00,0.0123
846,9.95,0,177.00,0.0123
847,9.95,0,177.00,0.0123
848,9.95,0,177.00,0.0123
849,9.95,0,177.00,0.0123
850,9.95,0,177.00,0.0123
851,9.95,0,177.00,0.0123
852,9.95,0,177.00,0.0123
853,9.95,0,177.00,0.0123
854,9.95,0,177.00,0.0123
855,9.95,0,177.00,0.0123
856,9.95,0,177.00,0.0123
857,9.95,0,177.00,0.0123
858,9.95,0,177.00,0.0123
859,9.95,0,177.00,0.0123
860,9.95,0,177.00,0.0123
861,9.95,0,177.00,0.0123
862,9.95,0,177.00,0.0123
863,9.95,0,177.00,0.0123
864,9.95,0,177.00,0.0123
865,9.95,0,177.00,0.0123
866,9.95,0,177.00,0.0123
867,9.95,0,177.00,0.0123
868,9.95,0,177.00,0.0123
869,9.95,0,177.00,0.0123
870,9.95,0,177.00,0.0123
871,9.95,0,177.00,0.0123
872,9.95,0,177.00,0.0123
873,9.95,0,177.00,0.0123
874,9.95,0,177.00,0.0123
875,9.95,0,177.00,0.0123
876,9.95,0,177.00,0.0123
877,9.95,0,177.00,0.0123
878,9.95,0,177.00,0.0123
879,9.95,0,177.00,0.0123
880,9.95,0,177.00,0.0123
881,9.95,0,177.00,0.0123
882,9.95,0,177.00,0.0123
883,9.95,0,177.00,0.0123
884,9.95,0,177.00,0.0123
885,9.95,0,177.00,0.0123
886,9.95,0,177.00,0.0123
887,9.95,0,177.00,0.0123
888,9.95,0,177.00,0.0123
889,9.95,0,177.00,0.0123
890,9.95,0,177.00,0.0123
891,9.95,0,177.00,0.0123
892,9.95,0,177.00,0.0123
893,9.95,0,177.00,0.0123
894,9.95,0,177.00,0.0123
895,9.95,0,177.00,0.0123
896,9.95,0,177.00,0.0123
897,9.95,0,177.00,0.0123
898,9.95,0,177.00,0.0123
899,9.95,0,177.00,0.0123
900,9.95,0,177.00,0.0123
901,9.95,0,177.00,0.0123
902,9.95,0,177.00,0.0123
903,9.95,0,177.00,0.0123
904,9.95,0,177.00,0.0123
905,9.95,0,177.00,0.0123
906,9.95,0,177.00,0.0123
907,9.95,0,177.00,0.0123
908,9.95,0,177.00,0.0123
909,9.95,0,177.00,0.0123
910,9.95,0,177.00,0.0123
911,9.95,0,177.00,0.0123
912,9.95,0,177.00,0.0123
913,9.95,0,177.00,0.0123
914,9.95,0,177.00,0.0123
915,9.95,0,177.00,0.0123
916,9.95,0,177.00,0.0123
917,9.95,0,177.00,0.0123
918,9.95,0,177.00,0.0123
919,9.95,0,177.00,0.0123
920,9.95,0,177.00,0.0123
921,9.95,0,177.00,0.0123
922,9.95,0,177.00,0.0123
923,9.95,0,177.00,0.0123
924,9.95,0,177.00,0.0123
925,9.95,0,177.00,0.0123
926,9.95,0,177.00,0.0123
927,9.95,0,177.00,0.0123
928,9.95,0,177.00,0.0123
929,9.95,0,177.00,0.0123
930,9.95,0,177.00,0.0123
931,9.95,0,177.00,0.0123
932,9.95,0,177.00,0.0123
933,9.95,0,177.00,0.0123
934,9.95,0,177.00,0.0123
935,9.95,0,177.00,0.0123
936,9.95,0,177.00,0.0123
937,9.95,0,177.00,0.0123
938,9.95,0,177.00,0.0123
939,9.95,0,177.00,0.0123
940,9.95,0,177.00,0.0123
941,9.95,0,177.00,0.0123
942,9.95,0,177.00,0.0123
943,9.95,0,177.00,0.0123
944,9.95,0,177.00,0.0123
945,9.95,0,177.00,0.0123
946,9.95,0,177.00,0.0123
947,9.95,0,177.00,0.0123
948,9.95,0,177.00,0.0123
949,9.95,0,177.00,0.0123
950,9.95,0,177.00,0.0123
951,9.95,0,177.00,0.0123
952,9.95,0,177.00,0.0123
953,9.95,0,177.00,0.0123
954,9.95,0,177.00,0.0123
955,9.95,0,177.00,0.0123
956,9.95,0,177.00,0.0123
957,9.95,0,177.00,0.0123
958,9.95,0,177.00,0.0123
959,9.95,0,177.00,0.0123
960,9.95,0,177.00,0.0123
961,9.95,0,177.00,0.0123
962,9.95,0,177.00,0.0123
963,9.95,0,177.00,0.0123
964,9.95,0,177.00,0.0123
965,9.95,0,177.00,0.0123
966,9.95,0,177.00,0.0123
967,9.95,0,177.00,0.0123
968,9.95,0,177.00,0.0123
969,9.95,0,177.00,0.0123
970,9.95,0,177.00,0.0123
971,9.95,0,177.00,0.0123
972,9.95,0,177.00,0.0123
973,9.95,0,177.00,0.0123
974,9.95,0,177.00,0.0123
975,9.95,0,177.00,0.0123
976,9.95,0,177.00,0.0123
977,9.95,0,177.00,0.0123
978,9.95,0,177.00,0.0123
979,9.95,0,177.00,0.0123
980,9.95,0,177.00,0.0123
981,9.95,0,177.00,0.0123
982,9.95,0,177.00,0.0123
983,9.95,0,177.00,0.0123
984,9.95,0,177.00,0.0123
985,9.95,0,177.00,0.0123
986,9.95,0,177.00,0.0123
987,9.95,0,177.00,0.0123
988,9.95,0,177.00,0.0123
989,9.95,0,177.00,0.0123
990,9.95,0,177.00,0.0123
991,9.95,0,177.00,0.0123
992,9.95,0,177.00,0.0123
993,9.95,0,177.00,0.0123
994,9.95,0,177.00,0.0123
995,9.95,0,177.00,0.0123
996,9.95,0,177.00,0.0123
997,9.95,0,177.00,0.0123
998,9.95,0,177.00,0.0123
999,9.95,0,177.00,0.0123
